QueryType,QueryText,KccAns,,,,
"	Plant Protection	",USE OF PLANOFIX,????? ??? ?? ?? ??? ??????????? ?? ?????? ?? ???? ?? ?????? ??????,,,,
"	Plant Protection	","
 Animal Repellent,",????? ??? ?? MBF TAR  ? ?? ? ???? ????? ???? ???? ?????? ?????? ???,,,,
Government Schemes,Pradhan Mantri KIsan Samman Nidhi Yojna Related query,"Payment Status:	1st installment payment done	2nd installment payment done	3rd installment payment done	4th installment payment done	5th installment payment done
Bank Name:	SIWAN CENTRAL CO-OP.BANK LTD.	SIWAN CENTRAL CO-OP.BANK LTD.	SIWAN CENTRAL CO-OP.BANK LTD.	SIWAN CENTRAL CO-OP.BANK LTD.	SIWAN CENTRAL CO-OP.BANK LTD.
Credited Account:	***********1117	***********1117	***********1117	***********1117	***********1117
Credit Date:	02/07/2019	17/08/2019	02/01/2020	08/04/2020	10/08/2020
UTR No:	0592826499	1491257051	4233648417	6673763169	9825613186
Transaction Failed Reason:	-----	-----	-----	-----	-----
FTO Pending Reason:	-----	-----	-----	-----	-----
Status	6th Installment	7nth Installment			
Payment Status:	FTO is generated and Payment confirmation is pending	-----			
Bank Name:	-----	-----			
Credited Account:	-----	-----			
Credit Date:	-----	-----			
UTR No:	-----	-----			
Transaction Failed Reason:	-----	-----			
FTO Pending Reason:	-----	-----	",,,,
Government Schemes,Pradhan Mantri KIsan Samman Nidhi Yojna Related query,"?????? ?????? ????? ?????? ???? ????? ????? ???? ???? 01123382401, 01123381092,1800115526,",,,,
"	Plant Protection	",PLANT PROTECTION OF POTATO CROP,???  ????? ????? ?? ???? ?? ??? ???? ?? % ???????? ?? ?? % ????????????? ?? ?????? ?? ? ????? ?? ????? ???? ???? ??? ?????? ?????? ???? ?????,,,,
Nutrient Management,Use multi micro nutrients,??????? ?? ??????? ??????????? ? ? ???? / ???? ???? ??? ??? ????? ?????? ???,,,,
Government Schemes,"Kisan credit card related Query
",?? ???? ???? ???? ????????? ?? ?????? ??? |,,,,
Government Schemes,"Kisan credit card related Query
",????? ??????? ????? ?? ??? ???? ??? ?????? ????,,,,
Government Schemes,Cooperative dept of Bihar helpline no.,"???????? ????? ?? ????? ???? ???? (0612)-2200693.,1800-345-6290",,,,
Government Schemes,PM KISAN SAMMAN NIDHI SCHEME,"--Aadhar Status: Aadhar Number is not Verified	

?? ????? ?????? ?? ??????? ???",,,,
Government Schemes,"PM KISAN SAMMAN NIDHI SCHEME     
HELP LINE NUMBER","PM KISAN SAMMAN NIDHI SCHEME     
HELP LINE NUMBER   
01124300606 
--???????????? ????? ?????? ???? ????? ?? ??????? ?????? ???? ????? ????? ???? ????: - 011-23381092,011-23382401",,,,
Government Schemes,"Pradhan Mantri Kisan Samman Nidhi Yojana related query
","Aadhar Status: Aadhar Number is not Verified

",,,,
Government Schemes,pm kisan samman nidhi yojna,?????? ?????? ????? ?????? ???? ????? ?? ???? 011- 23381092 OR 1800115526 OR 011-24300606 ?? ?????? ?? ?????? ??? 10 ??? ????????? ?? 5 ??? ??????? ?? ??? ?? ???? ??? I,,,,
Government Schemes,PM KISAN SAMMAN NIDHI YOJANA,--????? ??? ???????????? ????? ?????? ???? ????? ?? ??? ?????? ??? ?? ??? ?? ?? ???? ??,,,,
Nutrient Management,use multi micro nutriens,"

??????? ????? ??????? ??????????? @ ? ???? / ???? ???? ??? ??? ????? ?? ?????? ???",,,,
Government Schemes,pacs related query,"-- ???????? ????? ????? ???? ???? -18003456290,06122200693",,,,
Seeds and Planting Material,cauliflower  in  seed information,"-- ?? ???? ???? ???? ???? ??????? ?? ?????? ????      Phone: 089872 98090  (???? ??????? ??????, ???????? ??, ?????)",,,,
Government Schemes,"TELL ME ABOUT PMKISAN STATUS ?
","KAILASH YADAV, ???? ????? ADM(Revenue) ?? ??? ????? ??|",,,,
Government Schemes,"TELL ME ABOUT PMKISAN SAMMAN NIDHI YOJANA APPLICATION  STATUS ?
","--
SUCHITA DEVI ???? ????? ????? ????????? ?????? ?????? ???? ?? ???? ?? ???? ??? ??? |Remark: VIBRAN SAHI NAHI HAI",,,,
Government Schemes,Dbt kisan registration related Query,????? ??? ?? ????? ???????? ?? ?????? ???,,,,
Government Schemes,govt scheme,--https://dbtagriculture.bihar.gov.in/CheckStatusPMKISan.aspx,,,,
Government Schemes,PRADHAN MANTRI KISAN SAMAN NIDHI YOJANA RELATED QUERY,"--PM-Kisan Helpline No.011-24300606, 01123381092
",,,,
Government Schemes,Pm kisan samman nidhi yojna related query,"?????? ?????? ????? ?????? ???? ????? ????? ???? ????  01123381092 ,06122233555",,,,
"	Plant Protection	",Plant protection,--??? ???? ?? ?????? ????,,,,
Government Schemes,"Pm kisan samman nidhi yojna related query
","?????? ?????? ????? ?????? ???? ????? ????? ???? ???? 01123381092 ,06122233555
",,,,
Disease Management,animal buffalo disease management related query,--??? ???????? ?? ?????? ???,,,,
Government Schemes,Pradhan Mantri Kisan Samman Nidhi Yojna related query,????? ??? ??  ??????? ?????? ?? ??????? ??????? ???? ???? ?????? ???? |,,,,
"	Plant Protection	",Plant protection,Spray multi micro nutrients @ 2 ml in 1 liter of water,,,,
Government Schemes,Pradhan Mantri Kisan Samman Nidhi Yojna related query,"F.T.O. Means Fund Transfer Order ????? ???, ?? ???????????? ????? ?????? ???? ????? ?? ??? ???? ??? ?? ?? ????????? ???? |",,,,
Weather,Farmer asked query on Weather,"???? ???????  ??? ????? ??  ??????? ???? ?? |?????? ?????? 24 ?????? ????????,?? ??????? ?????? 15 ?????? ???????? ???? ?? ??????? ??|????? ???? ???? ?????| ??? ?? ??? 4 ????/???? ???? ?? ??????? ???",,,,
Government Schemes,Krishi input Subsidy related query,"????? ???, ???? ????? ?????? ????? ?? ??????? ?? ??? ???? ????? ?? ????? ??? ??? ???? ???? ????????? / ?????? ???? ??????? / ?????? ????? ??????? ?? ?????? ?????",,,,
Government Schemes,Pradhan Mantri Kisan Samman Nidhi Yojna related query,????? ??? ?? ?????? ?????? ????? ?????? ???? ????? ?? ??? ???? ???? ????? ??? ?? ??? ???? ?? ?????? ??? ???? ???? ????????? ?? ???? ????? ???? |,,,,
Government Schemes,Cooperative dept of Bihar helpline number,"--  Cooperative dept of Bihar helpline number   9430674429 , 1800-345-6290",,,,
Government Schemes,Pradhan Mantri Kisan Samman Nidhi Yojna related query,"--???????????? ???? ?????? ???? ????? ?? ????? ???? ????:- 011-23381092,011-23382401",,,,
Government Schemes,Krishi input Subsidy related query,"????? ???, ???? ????? ?????? ????? ?? ??????? ?? ??? ???? ????? ?? ????? ??? ??? ???? ???? ????????? / ?????? ???? ??????? / ?????? ????? ??????? ?? ?????? ?????",,,,
Weather,Farmer asked query on Weather,"???? ??????? ???   ????? ???? ?? ??????? ???? ??, ????? ??? ?? ???? ??? ?????? ? ?? ?? ???????? ?????? ?????? ( 23  ?????? ???????? ?? ??????? ??????  13  ?????? ???????? ?? ??? ?? ??? 4 ???????? ????? ????) ???? ?? ??????? ??",,,,
Crop Insurance,"Fasal bima yojna related query
","--??? ???? ???????? / ????? ????? ??? ?????? ????? ??????? 0612-2200693 ?? ??????? ?? ???? ??? |
",,,,
"	Plant Protection	",Plant protection,"Spray Saaf @2gm /lit of water   
Mancozeb 63% + Carbendazim 12% WP",,,,
"	Plant Protection	",Plant protection,Spray multi micro nutrients @ 2 ml in 1 liter of water,,,,
"	Plant Protection	",First spray in mango before flowering,"?? ??? ???? ??????? ???? ?????? ?? ????, ???? ?? ???????? ???????  ?? ???? ???? ?? |  ???? ??????? ?? ??? ?? ???? ???? ?? ?? ??????? ???? ?? ??? ?? ?????? ??? ???? ???? ??? ?? ?????? ??????? ?? ???????? ?? ?????? ????? ?? ??? ???? ?????? ?????? ??? ?? ???? ?? | 
??????? ????? 3 ????? ????? ???? ???? ?? ?????? ?????? ???? | 
??????? ?????????????? 17.8 SL @ 1 ml / 3 ???? ???? ?? ?????? ?? ?????? ??????  ???? |",,,,
Nutrient Management,Zinc deficiency in wheat crop,"??? ??? ???? ?? ??? ?? ????? ( ????? ?? ???? ?? ??? ????? ???? ?? ???? ) ????? ?? ??? ?? ?? 2.5 ????????? ???? ??????, 1.25 ????????? ???? ??? ???? ??? 12.5 ????????? ?????? ?? 500 ???? ???? ??? ????? ????? ???????? ?? ?? ?? 15 ??? ?? ?????? ?? ?? ??? ??????? ???? ??? ???? ?? ???? |",,,,
Government Schemes,Pradhan Mantri KIsan Samman Nidhi Yojna related query,Waiting for approval by state,,,,
Government Schemes,Pm kisan samman nidhi yojna related query,--????? ??? ???? ???? ?????? ???,,,,
Government Schemes,Pm kisan samman nidhi yojna related query,--????? ??? ???? ???? ?????? ???,,,,
Government Schemes,krishi input anudan related query,--???? ???? ????????? ?? ?????? ???,,,,
Government Schemes,Ask about Correction of bank detail in Pradhan mantri kisan samman nidhi Yojna application,?????? ?????? ????? ?????? ???? ??????? ???? ??? ????? ??????? ??? ????? ???? ?????? ????? ??????? ????  ???????? ???????? ??????? ???? ?????? ????? ????????? ?????? ???.,,,,
Government Schemes,Pm kisan samman nidhi yojna related query,"--
PRAMESHWAR SAH ???? ????? ????? ????????? ?????? ?????? ???? ?? ???? ?? ???? ??? ??? |Remark: Applicant did not provide document of his/her betterhalf/others of his family in order to verify that other one is beneficiary or not.",,,,
Government Schemes,PRADHAN MANTRI KISAN SAMAN NIDHI YOJANA RELATED QUERY,???? ???? ????????? ?? ????? ????? ??,,,,
Animal Nutrition,ANIMAL NUTRITION RELATED QUERY,--??? ???????? ?? ?????? ???,,,,
Government Schemes,query about government schemes,dbt cell help line number 06122233555,,,,
Government Schemes,Pradhan Mantri Kisan Samman Nidhi Yojna related query,????? ??? ???????????? ????? ?????? ???? ????? ?? ??? ???? ??? ??? ???? ??? ????? ??? ?? ??? ??? ???? ????? ??? ?? ?? ?? ?? ????? ??? ????? ?? ??? ????? ?? ???? ??? ????? ??? ?? ???? ???? ?? ?? ????? ?? ??? ???? ?? ???? ???? ?? ?????? ?????? ????? ?????? ???? ????? ?? ??? ????? ??? |,,,,
Government Schemes,"TELL ME ABOUT PMKISAN SAMMAN NIDHI YOJANA APPLICATION  STATUS ?
","GANGA MANDAL, ???? ????? ADM(Revenue) ???? ?? ???? ?? ???? ??? ???|Remark: RENT NOT UPDATED",,,,
Government Schemes,GOVT SCHEME,--????? ?? ??? ??? ?? ?????? ?? ?????? ??? ?,,,,
"	Plant Protection	",plant protection related query,"
???????? 2  ????? ????? ???? ???? ??? ??? ??? ?? ?????? ????",,,,
Government Schemes,Pm kisan samman nidhi yojna related query,"--
SHRIKRISHN SINGH, ???? ????? ???????? ???? ?? ???? ????? ?? ?????? 4/4/2019 5:33:07 PM ?? ????????? ?? ???? ??? ??| ??? ?? ?????? ????? ?? ???? ????? https://pmkisan.gov.in/BeneficiaryStatus.aspx ???? ?????",,,,
Government Schemes,PRADHAN MANTRI KISAN SAMAN NIDHI YOJANA RELATED QUERY,"P M KISAN HELPLINE NUMBER - 011 23381092, 01124300606",,,,
Government Schemes,"TELL ME ABOUT PM-KISAN SAMMAN NIDHI YOJNA HELP LINE NUMBER ?
","???????????? ????? ?????? ???? ????? ?? ?????? ????   = 011-23382401  , 011-23381092
",,,,
Government Schemes,TELL ME CONTACT NUMBER OF DBT PORTAL   BIHAR SATE INFORMATION ?,"????? ????? ?? ?????? ?????? ?? ???? ??? ??????? ?? ???  ?????? ????=   0612 -  2233 555
",,,,
Government Schemes,TELL ME ABOUT INFORMATION OF KCC RELATED  ?,????? ??????? ????? ?? ??????? ??????? ?? ??? ???? ?????? ???? ?????? ?? ??? ?? ???? ???? ?? ???? ?????? ???? ???? ??? ???? ?????? ???? ???? ???? ???,,,,
Mushroom Production,query related to mushroom production,????????? ?? ??? ???? ???????? ?????? ??? ?????? ????,,,,
Government Schemes,kvk related to query,????? ??? ?? kvk ?????? ???,,,,
Government Schemes,Pradhan Mantri Kisan Samman Nidhi Yojna related query,"
Application ID:	RE-PMKISAN546853	Applicant Name:	SOHILA DEVI
SOHILA DEVI, ???? ????? ???? ???? ????????? ?? ??? ????? ??|",,,,
Government Schemes,Pradhan Mantri Kisan Samman Nidhi Yojna related query,"???????????? ????? ?????? ???? ????? ?? ????? ???? ???? : - 0120-6025109, 011-24300606, 011-23381092 ?? ?????? ??? | 10 ??? ?? 4 ??? ?? (?????? ?? ???????? ?? )  /  ??? ???? ???? 155261",,,,
"	Plant Protection	",mango plant of plant protection information,-- ???? ????????????? 50 ??????? ????? ?? ?? 3.0 ????????? ?????? ????? ???????? ???? 600 ?? 750 ???? ???? ??? ??? ?? ??????? ???? ?????     ?????????????? 20 ??????? ? ??     ???????? ????? ????  ????? ???,,,,
"	Plant Protection	",Plant protection related query,--N:P:K 19:19:19 @ 5 ml/???? ???? ??? ?????? ?????? ???,,,,
Government Schemes,Pm kisan samman nidhi yojna related query,"--?????? ?????? ????? ?????? ???? ????? ????? ???? ????  01123381092, 011-24300606, ,06122233555 
",,,,
Government Schemes,Query ABOUT Pradhan Mantri KIsan SAmman Nidhi Yojna Help LINE number Help line number,"--?????? ?????? ????? ?????? ???? ????? ????? ???? ???? 01124300606 , 01123381092 Email:",,,,
Cultural Practices,okra cultural practices related query,"????????? ??? ????? 45 ???.??. ?? ????? ??? ????? 15-20 ???.??. ???? ??????
",,,,
Government Schemes,"Farmer Application Status Farmer Name : SANTOSH SHAHI
","???????? / ???? ??????: ????? ??????? ???????? / ???? ?????? ??????? ???? ??? ?? ???? ??????: ???? ?????? ???????? ??
",,,,
Government Schemes,Information about Prime Minister Kisan Samman Nidhi Scheme,"???????????? ???? ?????? ???? ????? ?? ????? ???? ????:- 011-23381092,01123382401,1800115526  .",,,,
Government Schemes,"TELL ME ABOUT PMKISAN SAMMAN NIDHI YOJANA APPLICATION  STATUS ?
","??? ???? ???? ????? ?????? ???? ????? ?? ????? ???? ? ??? ?? ?? ??????????? ???? ??? ?? ?? ?? ???? ????? ??? ???? ??????? ?? ?????? ????
",,,,
Government Schemes,"Check Application Status for PM-KISAN
","--SHARADA DEVI ???? ????? ????? ????????? ?????? ?????? ???? ?? ???? ?? ???? ??? ??? |Remark: Other panchayat	",,,,
"	Plant Protection	","mango problem 
","?? ?? ???? ?? ??? ?????? ?? ??? ??? ????????? 27 ????, ????? ???? ?????? ?? ??? ??? ??????? ???? 7 ???? ?? ??????? ?? ????? ?? ??? ??? ????? 30 ???? ????? ??? ?? ????? ???? ??? 1-3 ???? ?? ???? ?? ????? ?? ???? ?? ??? 5-20 ????, ?????? 100-200 ?????, ????? ???? ?????? 250-500 ????? ?? ??????? ?? ????? 175-350 ????? ????? ????? ?????? 4-6 ???? ?? ???? ?? ????? ?? ??? ???? ?? ??? 25 ????, ?????? 200-400 ?????, ????? ???? ?????? 500-700 ????? ?? ??????? ?? ????? 350-700 ????? ????? ????? ??????
 
7-9 ???? ?? ???? ?? ????? ?? ???? ?? ??? 60-90 ????, ?????? 400-500 ?????, ????? ???? ?????? 750-1000 ????? ?? ??????? ?? ????? 700-1000 ????? ????? ????? ?? ??? ?????? ????? 10 ?? 10 ?? ???? ???? ?? ???? ?? ????? ?? ???? ?? ??? 100 ????, ?????? 400-500 ?????, ????? ???? ?????? 1000 ?????, ??????? ?? ????? 1000 ????? ????? ????? ?????? ????????? ?? ????? ????? ?? ????? ??? ?????, ???? ???? ?? ??? ?? ????? ???? ?????? ?????? ????? ??? ?? ??? ????
 
??? ??? ???? ?? ????? ?? ???? ?? ??? ?? ???? ???? ?? ???? ??? ??? ?? ???? ????? ?? 13:00:45 ?? 10 ????? ????? ???? ???? ?? ?????? ????? ?????? ?? ???????? ?? ????? ?? ??? ????? ?? ??????? ??? ?? ?? ???? ????? ????? ?? ??????? ?? ??? ??? ?????? ?? ??? 00:52:34 ?? 150 ????? ????? 15 ???? ???? ?? ?????? ?? ??? 8 ????? ?? ????? ?? ?????
?? ????? ?? ???? ?? ????? ??? ??? ??????",,,,
Government Schemes,"
TELL ME ABOUT BIHAR STATE GOV. SCHEME  ?
","???? ????? ?????? ???? ????????? ???? ????? - 0612  2233555????? ????? ?????? ???? ?? ???????? ??????? https://dbtagriculture.bihar.gov.in/  ???? ?? ???? ?
",,,,
Government Schemes,TELL ME ABOUT BIHAR STATE GOV. SCHEME ?,????????? ???? ????? - 0612 2233555????? ????? ?????? ???? ?? ???????? ??????? https://dbtagriculture.bihar.gov.in/ ???? ?? ???? ?,,,,
"	Plant Protection	",plant protection related query,???????? ? ?????/???? ???? ??? ?????? ?????? ???,,,,
Government Schemes,query about government schemes,dbt cell help line number 06122233555,,,,
Credit,Kisan credit card information,Kisan credit card   ( K C C)    ???? ??????? ?? ???  ?? ???? ???? ?????? ?? ?? ??? ????? ?????? ?? ???? ???? ???? ???? ??????? ?? ?????? ????,,,,
"	Plant Protection	","plant protection related to query
","2,4-D  @ 2 ML ?????  ???? ???? ??? ?????? ?????? ???|",,,,
Government Schemes,Pradhan Mantri KIsan SAmman Nidhi Yojna related to query,"????????  ?????  ?????  ????  ????-0612-223355
dbt cell agri@gmail.com",,,,
Government Schemes,Pradhan Mantri Kisan Samman Nidhi Yojna related query,"dbtagriculture.bihar.gov.in    
?? ??????? ?? ???? ???? ????? ?? ?????? ????  ????",,,,
Government Schemes,"Pradhan Mantri Kisan Samman Nidhi Yojna related query

","
???????????? ????? ?????? ???? ????? ?? ????? ???? ???? : - 0120-6025109, 011-24300606, 011-23381092 ?? ?????? ??? | 10 ??? ?? 4 ??? ?? (?????? ?? ???????? ?? ) / ??? ???? ???? 155261
",,,,
Government Schemes,Pradhan Mantri KIsan Samman Nidhi Yojna related query,?????? ?????? ?? ????  0612 2233555 ?? ????? ????|,,,,
Government Schemes,"Pradhan Mantri Kisan Samman Nidhi Yojna related query
","????? ???, ?? ???? ???? ????????? ?? ???? ??????  ??? |",,,,
Government Schemes,Query ABOUT Pradhan Mantri KIsan SAmman Nidhi Yojna Help LINE number Help line number,"----?????? ?????? ????? ?????? ???? ????? ????? ???? ???? 01124300606 , 01123381092 Email:",,,,
Government Schemes,Pradhan Mantri KIsan Samman Nidhi Yojna related query,????? ??? ?? ????? ???????? ?? ?????? ???,,,,
Government Schemes,seed  Subsidy scheme Related query,DBT ????????? ???? ?? ??????? ??? -0612-2233555,,,,
Crop Insurance,Information about crop insurance ?,??????? ?? ???????????? ??? ???? ????? ?? ?????? ?? ???? ??? ?? ???? ????? ?? ??? ?????? ????? ?? ????? ? ??? ????? ??????? ?? ?? ?????? ???? ?? ?????? ???? ???? ???? ???? ??? |,,,,
Government Schemes,Information about Prime Minister Kisan Samman Nidhi Scheme,"--
RAJAN KUMAR, ???? ????? ????? ????????? ?????? ?????? ???? ?? (???? ???????) ?? ??????? ?? ???? ????????? ?? ???? ??? ?? |",,,,
Government Schemes,Information about PM kisan samman nidhi yojana ?,??????? ?? ???????????? ????? ?????? ????? ?? ??????? ???? ??????? ?? ??? ?? ???? ????? ?? ???? ????? ??? ???? ??????? ?? ?????? ???? |,,,,
Government Schemes,krishi input anudan related  query,"??? ???? ????????? ????? 18003456290,061222006930",,,,
Government Schemes,TELL ME ABOUT CONTACT NUMBER KVK UJWA   DELHI  ?,"???? ??????? ??????, ????, ?????? ?????? ????? ??. ?????? ????? ??????, ?????? KVK, ?????? ?? .: + 91-8888867619
???????? ???? 9667971155",,,,
Government Schemes,"Pradhan Mantri Kisan Samman Nidhi Yojna related query
","???????????? ????? ?????? ???? ????? ?? ????? ???? ???? : - 0120-6025109, 011-24300606, 011-23381092 ?? ?????? ??? | 10 ??? ?? 4 ??? ?? (?????? ?? ???????? ?? ) / ??? ???? ???? 155261
",,,,
Nutrient Management,Nutrient management related query,NPK (19:19:19)3 ????? /???? ???? ??? ??? ?? ?????? ???,,,,
Vegetative Propagation and Tissue Culture,planting time related query,??? ?? ????? ?? ???? ??,,,,
Government Schemes,"Check Application Status for PM-KISAN
","--MAO HASIM ANSARI, ???? ????? ????? ????????? ?????? ?????? ???? ?? (???? ???????) ?? ??????? ?? ???? ????????? ?? ???? ??? ?? |	",,,,
Government Schemes,Government Schemes,"--?????? ?? ????????? ???????? ????? ?? ????? ???? ???? 
 (0612)-2200693.,1800-345-6290",,,,
Government Schemes,Government Schemes,"--?????? ?? ????????? ???????? ????? ?? ????? ???? ???? 
 (0612)-2200693.,1800-345-6290",,,,
Crop Insurance,CROP INSURANCE RELATED QUERY,"????? ???? ????
DIAL (0612)-2200693,
1800-345-6290",,,,
Government Schemes,Pradhan Mantri KIsan SAmman Nidhi Yojna,"?????? ?????? ????? ?????? ????  ?????  ????? ????  ????1800115526 ; 01123382401, 01123381092",,,,
Government Schemes,Krishi input Subsidy related query,????? ??? ??. ??. ??. ?????? ?? ????? ???? 0612-2233555 ?? ?????? ?? ???? ??? | 10 ??? ?? 6 ??? ?? ( ?????? ?? ???????? ?? ),,,,
Government Schemes,PRADHAN MANTRI KISAN SAMAN NIDHI YOJANA RELATED QUERY,"???? ???? ????????? ?? ????? ????? ?? ???? ?? ???????? ?
",,,,
Government Schemes,GOVT SCHEME,"
????? ?? ??? ????? ?????? ?? ?????? ??? ?",,,,
Weather,Farmer asked query on Weather,"???? ??????? ???   ????? ???? ?? ??????? ???? ??, ????? ??? ?? ???? ??? ?????? ? ?? ?? ???????? ?????? ?????? ( 25  ??????????? ??? ?? ??????? ??????  13  ?????? ???????? ?? ??? ?? ??? 7 ???????? ????? ????) ???? ?? ??????? ??",,,,
"	Plant Protection	",Poor growth in croup,??? ?? ????????? ?????? ?? ??? ??.??.??. ?? ??????? 1 ????????? ????? ???? ?? ?? ?? 120 ???? ???? ??? ??? ????? ??????? ???? |,,,,
Government Schemes,TELL ME ABOUT PM  KISAN STATUS INFORMATION  ?,"???????????? ????? ?????? ???? ????? ?? ??????? ???? ???? ???? ??????? ???? ?? ????? ???? ???? ???? ?????? ?????/ ?? ????? ?????? ???? ???? ????? ?????? ??  ???? ???? ????? ??? ???? ????? ???? ???? ???????  |
",,,,
Government Schemes,"TELL ME ABOUT PM KISAN STATUS INFORMATION ?
",???????????? ????? ?????? ???? ????? ?? ??????? ???? ?? ????? ???? ???? ??? ? ???? ?? ????? ????? ??????? ???? ?? ??? ?? ???? ???? ?? ????? ?????? /???? ?????? ????? ?? ??? ???? ????? ?????? ?? ???? ???? ????? ??????,,,,
Government Schemes,GOVERNMENT  SCHEME  IN  RELATED  QUERY,?? LIC  ???? ??? ?????? ???,,,,
Government Schemes,co-operative relative query,???????? ?????  ?? ?????????  ???? ?? ??????? ???  -  0612-2200693,,,,
Government Schemes,TELL ME ABOUT PMKISAN STATUS ?,"
Application ID:	RE-PMKISAN799928	Applicant Name:	KAILASH YADAV
KAILASH YADAV, ???? ????? ADM(Revenue) ?? ??? ????? ??|",,,,
Government Schemes,Pradhan Mantri Kisan Samman Nidhi Yojna related query,"???????????? ???? ?????? ???? ????? ?? ????? ???? ????:- 011-23381092,011-23382401",,,,
Government Schemes,Edit kissan registration,--?? ???? ???? ???? ????????? ?? ?????? ??  ????? ?? ????,,,,
Government Schemes,GOVERNMENT  SCHEME  IN  RELATED  QUERY,????? ??? ?? ???? ???? ????????? ?? ???? ?????? ??? |,,,,
Government Schemes,Agricultural INPUT scheme Subsidy Related query,"???? ????? ????? ??  ??????? ?? ???  0612 2233555 ?? ????? ????| 
?? ???? ???? ???? ????????? ?? ????? ????? ??  !",,,,
Cultural Practices,Irrigation management of mustard related query,??? ???? ?? ??? ?????? ? ????,,,,
Government Schemes,COOPERATIVE DEPARTMENT RELATED QUERY,"--????? ???? ????
DIAL (0612)-2200693,
1800-345-6290
",,,,
Market Information,Farmer want to sale paddy,"DISTRICT CO-OPERATIVE OFFICERS 
Shri Santosh Kumar Jha Siwan 9708424511
???? ???? ????????? ?? ?????? ???? 9431818739",,,,
Government Schemes,INFORMATION ABOUT BIHAR AG. GOV.SCHEMES,?????? ?????? ??????? ?? ??? ?? ???? ???? ????? ??? ?????? ???? ?? ????? ?? ??? ?? ??? ?? ???? ???? ??? ?? ???? ??? ????? ????? ??? ????? ??? ????? ???? ?? ???? ??????? ??? ????? ????,,,,
Government Schemes,Pradhan Mantri Kisan Samman Nidhi Yojna related query,"???????????? ????? ?????? ???? ????? ?? ????? ???? ???? : - 011-23382401, 011-23381092  ?? ?????? ??? | 10 ??? ?? 5 ??? ?? (?????? ?? ???????? ?? )",,,,
Government Schemes,"Pradhan Mantri Kisan Samman Nidhi Yojna;
",???????????? ????? ?????? ???? ????? ?? ??????? ?????? ???? ????? -  01123382401/ 01123381092,,,,
Government Schemes,"PM KISAN SAMMAN NIDHI SCHEME     
HELP LINE NUMBER","PM KISAN SAMMAN NIDHI SCHEME     
HELP LINE NUMBER   
01124300606 
--???????????? ????? ?????? ???? ????? ?? ??????? ?????? ???? ????? ????? ???? ????: - 011-23381092,011-23382401 
Email: pmkisan-hqrs@gov.in 
Email (pmkisan-ict@gov.in)",,,,
Government Schemes,PM KISAN SAMMAN NIDHI SCHEME,"Aadhar Status: Aadhar Number is not Verified	
?? ????? ?????? ?? ??????? ???  
",,,,
Government Schemes,Tell me about pm kisan scheme information ?,???? ????? ?????? ???? ????? ??? ???? ????? ??? ???? ???? ????? ?????????? ???? ?? ?? ??? ?? ???? ????? ???? ?? ??.,,,,
Government Schemes,Cooperative dept of Bihar helpline no.,"???????? ????? ?? ????? ???? ???? (0612)-2200693.,1800-345-6290",,,,
Government Schemes,Pm kisan samman nidhi yojna related query,"
SHRIKRISHN SINGH, ???? ????? ???????? ???? ?? ???? ????? ?? ?????? 4/4/2019 5:33:07 PM ?? ????????? ?? ???? ??? ??| ??? ?? ?????? ????? ?? ???? ????? https://pmkisan.gov.in/BeneficiaryStatus.aspx ???? ?????",,,,
Government Schemes,COOPERATIVE DEPARTMENT HELP LINE  NUMBER,"--http://cooperative.bih.nic.in ??? ???? ???????? ??????? ?? ??? ?? ????? ???????? ????????? ?? ?????? ??? ????? ???? ??? ???? ?? ?????? ?????? ?? ??? ????? ?????? ???? Fasal Bima Yojna- ????? ???? ?? ??? ???? ?? ?????? ?????? ?? ??? kisanreghelp@gmail.com ?? ???? ????? ?? M-8877225693 ?? ?????? ???? ??? ???? ??? 1800-345-6290, 0612-2200693",,,,
Government Schemes,pm kisan samman nidhi yojana related query,"--
PRABHAWATI DEVI, ???? ????? ???? ??????? ???? ?? ???? ?? ???? ??? ??? |Remark: Awedak ????? ???? ??",,,,
Government Schemes,COOPERATIVE DEPARTMENT HELP LINE  NUMBER,"http://cooperative.bih.nic.in ??? ???? ???????? ??????? ?? ??? ?? ????? ???????? ????????? ?? ?????? ??? ????? ???? ??? ???? ?? ?????? ?????? ?? ??? ????? ?????? ???? Fasal Bima Yojna- ????? ???? ?? ??? ???? ?? ?????? ?????? ?? ??? kisanreghelp@gmail.com ?? ???? ????? ?? M-8877225693 ?? ?????? ???? ??? ???? ??? 1800-345-6290, 0612-2200693",,,,
Government Schemes,pm kisan samman nidhi yojna,?????? ?????? ????? ?????? ???? ????? ?? ???? 011- 23381092 OR 1800115526 OR 011-24300606 ?? ?????? ?? ?????? ??? 10 ??? ????????? ?? 5 ??? ??????? ?? ??? ?? ???? ???,,,,
Credit,make the kisan credit card,"

????? ??????? ????? ?? ??? ?? ????? ?????? ?? ?????? ????? ?? ???? ???",,,,
Weather,Farmer asked query on Weather,"???? ?? ??????????? ???? ?? ??? ????? ?? ????? ????? - 5 ????? ??? ????? ???? ?? ??????? ???? ??, ????? ????? ??? ?? ???? ??? ?????? ? ?? ?? ???????? ?????? ?????? (18.6°C ?? ??????? ?????? 7.2°C ?? ?? ??? ?? ??? 11 ???????? ????? ???? ???? ?? ??????? ?? |",,,,
"	Plant Protection	",plant protection,??? ??? @ 3 ml/ ?? ???? ???? ??? ?????? ?????? ??? |,,,,
Weather,Farmer asked query on Weather,???? ???? ????? ??? ????? ??? ?? ???? ??? ?????? ????? ? ??? ?????? ?????? ?????? (18.7 ? ?? ??????? ?????? 6.3 ?) ?? ??? ?? ??? 10 ???????? ????? ???? ?? ???? ?? ??????? ???,,,,
Fertilizer Use and Availability,fertilizer use in cauliflower crop,??????? ????? ??????? ??????????? @ ? ???? / ???? ???? ??? ??? ????? ?? ?????? ???,,,,
Government Schemes,* PM-Kisan Samman Nidhi Yojna(Re-Consider Form),https://dbtagriculture.bihar.gov.in/PMKISAN/PMKisanReconsider.aspx,,,,
Government Schemes,DBT related problem,-- ?? ???? ????? ??????? ?? ?????? ????,,,,
Government Schemes,GOVERNMENT  SCHEME  IN  RELATED  QUERY,CSC / ????? ?????? ?? ??????? ???,,,,
Government Schemes,Krishi input anudan (KHARIF) related quary,???? ????? ?????? ?? ??? ?? ???? ????? ??????? ?? ?????? ????,,,,
Crop Insurance,COOPERATIVE DEPARTMENT HELP LINE  NUMBER,"--http://cooperative.bih.nic.in ??? ???? ???????? ??????? ?? ??? ?? ????? ???????? ????????? ?? ?????? ??? ????? ???? ??? ???? ?? ?????? ?????? ?? ??? ????? ?????? ???? Fasal Bima Yojna- ????? ???? ?? ??? ???? ?? ?????? ?????? ?? ??? kisanreghelp@gmail.com ?? ???? ????? ?? M-8877225693 ?? ?????? ???? ??? ???? ??? 1800-345-6290, 0612-2200693",,,,
Government Schemes,"Information regarding PM Kisan Saman Nidhi Yojna?
","--???????????? ????? ?????? ???? ????? ?? ??? ?? ???? ???? ????? ??????? ?? ?????? ??????? ?? ?????? ??? ?? www.pmkisan.gov.in ?? ??????? ???  ?? ??? ?? ???? ?? ?????? ??? 155261/1800115526 OR 011-24300606
",,,,
Government Schemes,information bout pm kisan scheme status,"--FTO is generated and Payment confirmation is pending	",,,,
Government Schemes,Kisan credit card related query,???????? ???? ?? ?????? ???,,,,
Varieties,--Hybrid Varieties of Bhindi,"--Hybrid Varieties of Bhindi-????? , ?????? , ???????? , ????  ???? , ???? ?????  , ???? , ????? ????? , ????? ?????? ??",,,,
Government Schemes,Pm kisan samman nidhi yojana related query,-- ????? ?? ?????? ?? ???? ??? - https://dbtagriculture.bihar.gov.in,,,,
Government Schemes,PM KISAN SAMMAN NIDHI YOJNA RELATED QUERY,--????? ??? ?????? ?????? ????? ?????? ???? ????? ?? ???? ??? ?? ?? ?????? ???,,,,
Government Schemes,"Information regarding the kisan credit card?
",????? ?????? ???? ???? ????? ??????? ?? ?????? ???? ???? ??? ????? ???,,,,
Government Schemes,PM KISAN SAMMAN NIDHI YOJNA RELATED QUERY,--???? ?? ?????? ??? ?? ?????? ?????? ????,,,,
Government Schemes,"Information regarding the Helpline number for Pradhan mantri kisan samman nidhi yojana ?
",--?????? ?????? ????? ?????? ???? ????? ?? ???? ??? ???? ??????? ?? ??? ???? ????????? ???? 011-24300606 ?? ?????? ????,,,,
Credit,kcc related query,????? ??????? ????? ?? ??? ?? ????? ?????? ?? ?????? ????? ?? ???? ???,,,,
Cultural Practices,Sowing distance  related query,????? ?? ????? ?? 45*30 ???? ?? ???? ?? ?? ???? ??,,,,
Fertilizer Use and Availability,THAYO UREA RELATED QUERY,"?????????? ?? ????? ?? ?????? ????     
",,,,
Government Schemes,GOVERNMENT  SCHEME  IN  RELATED  QUERY,"--????? ?? ?????? ?? ???? ??? - https://dbtagriculture.bihar.gov.in 
?? ????? ?????????? ??????????? ?? ?????? ???",,,,
Government Schemes,P M Kisan samman nidhi yojna,--P M Kisan samman nidhi yojna helpline number- 011 23382401/011 23381092,,,,
Government Schemes,pm kisan samman nidhi yojna,"
Enter Application Number:	
2181240311114
    
Searched Records
MAINA DEVI ???? ????? ????? ????????? ?????? ?????? ???? ?? ???? ?? ???? ??? ??? |Remark: Not farmer
   PM-Kisan Helpline number- ?????? ?????? ????? ?????? ???? ????? ?? ???? 011- 23381092 OR 1800115526 OR 011-24300606 ?? ?????? ?? ?????? ??? 10 ??? ????????? ?? 5 ??? ??????? ?? ??? ?? ???? ??? I 
",,,,
Government Schemes,"Check Application Status for PM-KISAN(Reconsider)
","DABLOO KUMAR CHAUBE, ???? ????? ???? ???? ????????? ???? ?? ???? ?? ???? ??? ??? |Remark: applicant is not eligible for scheme	",,,,
Government Schemes,Fasal Bima Yojna or cooperative Department contact details,"http://cooperative.bih.nic.in 
??? ???? ???????? ??????? ?? ??? ??  ????? ???????? ????????? ?? ?????? ??? 
Fasal Bima Yojna- ????? ???? ?? ??? ???? ?? ?????? ?????? ?? ??? kisanreghelp@gmail.com ?? ???? ????? ?? M-8877225693 ?? ?????? ???? ??? ???? ??? 1800-345-6290, 0612-2200693",,,,
Government Schemes,PM KISAN SAMAN NIDHI YOJANA RELATED QUERY,"--?????? ?????? ????? ?????? ???? ????? HELP LINE NO.- 01123381092,01123382401",,,,
Cultural Practices,cultural practices,"--????? ?? ???? ?? ??? ???? ????? ???? ?????? ?? ???? ??, ????? ???? ????? ?? ???? ???? ?? ????? ???? ?? ??? ???-??? ??? ?????? ?? ?????-?????? ?? ?? ??? ???? ???? ?????, ???? ??? ??? ?? ???, ????? ??? ??? ?? ??? ?? ????? ??? ??? ?? ??? ???????? ??? ???????? ?? ??? ?????? ?? ?????? ?? ????? ??? ??? ?? ???? ????? ?? ???? ?????? ?? ???????? ????? ??????? ??? ??? ??-????? ?? ????? ?? ??? ???? ????? ?? ????? ???? ?? ????????? ???? ???
",,,,
Government Schemes,input subsidy money problem,--???? ????? ??????? ?? ???? ??? ?? ???? ??? ?? ?? ?? ???? ?????????? ??????????? ?? ???? ???? ????????? ?? ?? ????? ??? ?? ????? ?? ????  ???? ????? ??????? ?? ???? ? ???,,,,
Government Schemes,Dbt registration Related query,"--??.??.??, ?? ?????? ??????? ?? ??? 0612-2233555 ?? ?????? ????",,,,
Government Schemes,Government Subsidy Related query,???? ??????? ?? ?????? ?????,,,,
Disease Reporting,ANIMAL HUSBANDRY quary,ANIMAL HUSBANDRY DEPARTMENT NO.  0612-2230942,,,,
Cultural Practices,Farmer ask about sowing time of zaid crop,"????? ??? ???? ??? ?? ??? ??? ????? ?? ??????? ??? ???? ??? ??, ??? ???? ????? ????? ?? ????? ?????? ?? ????? ?? ????? ?????? ?? ??????? ???? |",,,,
Government Schemes,Cooperative dept of Bihar helpline no.,"???????? ????? ?? ????? ???? ???? (0612)-2200693.,1800-345-6290",,,,
Agriculture Mechanization,AGRICULTURE ELECTRICITY CONNECTION QUARY,CSC / ????? ?????? ?? ??????? ???,,,,
Government Schemes,Cooperative dept of Bihar helpline number,"http://cooperative.bih.nic.in ??? ???? ???????? ??????? ?? ??? ?? ????? ???????? ????????? ?? ?????? ??? ????? ???? ??? ???? ?? ?????? ?????? ?? ??? ????? ?????? ???? Fasal Bima Yojna- ????? ???? ?? ??? ???? ?? ?????? ?????? ?? ??? kisanreghelp@gmail.com ?? ???? ????? ?? M-8877225693 ?? ?????? ???? ??? ???? ??? 1800-345-6290, 0612-2200693",,,,
Government Schemes,REGISTRATION DETAILS,"
??????? ?????? :	2181242863548",,,,
Government Schemes,GOVERNMENT SCHEME  quary,CSC / ????? ?????? ?? ??????? ???,,,,
Government Schemes,PM KISAN SAMAN NIDHI YOJANA RELATED QUERY,HAQUENAWAZ ALAM ???? ????? ????? ????????? ?????? ?????? ???? ?? ???? ?? ???? ??? ??? |Remark: Applicant were not found at home during verification,,,,
Government Schemes,KRISHI INPUT RELATED QUERY,DBT HELP LINE NUMBER - 0612 2233555,,,,
Government Schemes,Check application Status of  Pradhan Mantri Kisan Samman Nidhi Yojna,--PM-KISAN ?? ??? ????? ?? ?????? ?? ???? ???? https://dbtagriculture.bihar.gov.in,,,,
Fishing Harbours and Landing Centre,fish query,?????? ????? ????? ?????     18003456185,,,,
Government Schemes,government schemes,--????? ??? ????? ???? ????? ??,,,,
Crop Insurance,Cooperative dept of Bihar helpline number,"http://cooperative.bih.nic.in ??? ???? ???????? ??????? ?? ??? ?? ????? ???????? ????????? ?? ?????? ??? ????? ???? ??? ???? ?? ?????? ?????? ?? ??? ????? ?????? ???? Fasal Bima Yojna- ????? ???? ?? ??? ???? ?? ?????? ?????? ?? ??? kisanreghelp@gmail.com ?? ???? ????? ?? M-8877225693 ?? ?????? ???? ??? ???? ??? 1800-345-6290, 0612-2200693",,,,
Government Schemes,"TELL ME ABOUT PM KISAN SAMMAN YOGNA ?
",HANSNATH SHARMA ???? ????? ????? ????????? ?????? ?????? ???? ?? ???? ?? ???? ??? ??? |Remark: not visible receipt,,,,
Government Schemes,"TELL ME PRADHAN MANTRI KISAN SAMMAN NIDHI  YOJANA INFORMATION ?
",???? ????? ????? ?? ??????? ???? 6 ????? ? ???? ?? ???? ??????? ?? ??? ????? ??????? ???????? ??? ?????? ????,,,,
Government Schemes,FARMER ASKING ABOUT PM KISAN SAMMAN NIDHI SCHEME?,???????????? ????? ?????? ???? ????? ?? ???? ??????? ?? ??? ????? ?? ??? ????? ??? ??? ???????,,,,
"Tank, Pond and Reservoir Management","fish query
","????? ???? ????? ???? ???? -0612-2227451,18004251660",,,,
Government Schemes,TELL ME ABOUT PMKISAN STATUS ?,"???? ???? ????? ?????? ???? ????? ?? ????? ??? ???? ??????? ?? ??? ????? ??????? ???????? ??? ?????? ????
06122233555",,,,
Government Schemes,GOVERNMENT SCHEME  quary,?? ???? ?????????? ??????????? ?? ???? ???? ????????? ??  ?????? ??  ???? ??,,,,
"	Plant Protection	",Yellowing of leaf /Rotting problem,--???????? @ 2 ????? ????? ???? ???? ?? ?????? ?????? ???!,,,,
Government Schemes,PRADHAN MANTRI KISAN SAMAN NIDHI YOJANA RELATED QUERY,"?????? ?????? ????? ?????? ???? ????? HELP LINE NO.- 01123381092     

Payment Status:	1st installment payment done	2nd installment payment done	3rd installment payment done	4th installment payment done	5th installment payment done
Bank Name:	STATE BANK OF INDIA	STATE BANK OF INDIA	STATE BANK OF INDIA	STATE BANK OF INDIA	STATE BANK OF INDIA
Credited Account:	*******2272	*******2272	*******2272	*******2272	*******2272
Credit Date:	20/09/2019	02/01/2020	11/05/2020	10/08/2020	26/12/2020
UTR No:	2184183780	4247058557	7923109119	9822761815	2664181122
Transaction Failed Reason:	-----	-----	-----	-----	-----
FTO Pending Reason:	-----	-----	-----	-----	-----
Status	6th Installment	7nth Installment			
Payment Status:	-----	-----			
Bank Name:	-----	-----			
Credited Account:	-----	-----			
Credit Date:	-----	-----			
UTR No:	-----	-----			
Transaction Failed Reason:	-----	-----			
FTO Pending Reason:	-----	-----	",,,,
Government Schemes,pm kisan samman nidhi yojna,?????? ?????? ????? ?????? ???? ????? ?? ???? 011- 23381092 OR 1800115526 OR 011-24300606 ?? ?????? ?? ?????? ??? 10 ??? ????????? ?? 5 ??? ??????? ?? ??? ?? ???? ??? I,,,,
Government Schemes,Pradhan Mantri KIsan Samman Nidhi Yojna related query,"??????  ??????  ?????  ??????  ????  ????? ?? ???? ????? ???? ??? ???? ? ??? ?? ?????? ????
 www.dbtagriculture.bihar.gov.in",,,,
"	Plant Protection	",Prevention of nilgai (blue bull) in Potato,????? ??? ??? ??? ?????? ?? ????? ?? ???? ???? ?? ??? ??? ?? ??? ?? ??????? 4 ml ????? ???? ???? ??? ????? ?? 10 ??? ?? ?????? ?? ???? ?? ???? ??? ???? ?? ??? ????? ???? ??? ??????  ??????? ???? ?? ???? ??? ?? ????? ??? ????? ??? ?? ????????? ???? ??? ?? ??? ???? ??? ?? ??????? ???? ????? ?? ????  ?? ????? ???? ??????? ?? ????? ???? ????-???????? ????? ?? ?????? ???? |,,,,
Government Schemes,PRADHAN MANTRI KISAN SAMAN NIDHI YOJANA RELATED QUERY,"PM-Kisan Helpline No. 011-24300606, 011 23381092
",,,,
Government Schemes,PRADHAN MANTRI KISAN SAMAN NIDHI YOJANA RELATED QUERY,"--1st installment payment done	-
Bank Name:	PUNJAB NATIONAL BANK
Credited Account:	************8644	
Credit Date:	16/01/2021	
UTR No:	3361844866",,,,
Government Schemes,Check application Status of  Pradhan Mantri Kisan Samman Nidhi Yojna,--PM-KISAN ?? ??? ????? ?? ?????? ?? ???? ???? https://dbtagriculture.bihar.gov.in,,,,
Nutrient Management,Nutrient management query,"????? ??????? ???? ?? ??? ?? ???? ????? ?? ??? 5-7 ????? ??????? ????? (19:19:19) ????? ??. ?? ?????? ????? ????? ?? 40 ????? ?? ??? 4-5 ????? 12:16:0, ????????? ?? ???????, 2.5-3 ????? ??? ???? ?? 1 ????? ????? ????? ??. ?? ?????? ?????",,,,
Fertilizer Use and Availability,fertilizer dose query,"????? ??? ??? ?? ????? ?? ??? ???? ?? ??? 10 ?? ????? ??? ?????? ??? ??????? ????????? 25 ???? (55 ???? ??????), ??????? 25 ???? (155 ???? ????? ???? ??????) ?? ????? 12 ???? (20 ???? ??????? ?? ?????????) ?? ?????? ????? ??? ??? ?????? ????? ???????, ????? ?? ????????? ?? ???? ?????? ????? ??? ??? ????? ?? ??? ?????? ?? ???????? ?? ??? 25 ???? ????????? ????? ??? ??????",,,,
Government Schemes,PM KISAN SAMAN NIDHI YOJANA RELATED QUERY,"
MITHLESH KUMAR YADAV ???? ????? ????? ????????? ?????? ?????? ???? ?? ???? ?? ???? ??? ??? |Remark: Applicant is unmarried.",,,,
Government Schemes,PM KISAN SAMAN NIDHI YOJANA RELATED QUERY,"
Application ID:	RE-PMKISAN976135	Applicant Name:	MITHLESH KUMAR YADAV
MITHLESH KUMAR YADAV, ???? ????? ???? ???? ????????? ???? ?? ???? ?? ???? ??? ??? |Remark: applicant is not eligible for scheme",,,,
Government Schemes,GOVERMENT SCHEME QUARY,CSC / ????? ?????? ?? ??????? ???,,,,
Government Schemes,Government Schemes,????? ??? ?? ???? ????? ?? ????? ?? ??????? ?? ??? www.dbtagriculture.bihar.gov.in ?? ??? ???? ??? |,,,,
"	Plant Protection	","
DISEASE PROBLEM 
","
???? ??? ??? ?? ?????? ?? ??? ???? ????????????? 2 ????? 1 ???? ???? ?????? ???? ?? ??????? ???? ?? 
",,,,
Government Schemes,Pradhan Mantri KIsan Samman Nidhi Yojna Related query,???? ?? ???? ????? ??? ?? ???? ??? ???? ????? ?? ??? ?? ???? ???,,,,
Government Schemes,"TELL ME PM KISAN REGISTRATION STATUS   INFORMATION   ?
",???? ????? ???? ????? ?? ???? ??????? ?? ??? ?? ???? ????? ??? ???? ????? ?? ?????? ????,,,,
Government Schemes,"PRADHAN MANTRI KISAN SAMAN NIDHI YOJANA RELATED QUERY
","?????? ?????? ????? ?????? ???? ????? ????? ???? ???? 01123382401, 01123381092,1800115526,",,,,
Government Schemes,Farmer asked pradhanmantri kisan samman nidhi yojna late payment information,"GULSHAN KUMAR, ???? ????? ????? ????????? ?????? ?????? ???? ?? (???? ???????) ?? ??????? ?? ???? ????????? ?? ???? ??? ??.  
",,,,
Government Schemes,GOVERMENT SCHEME RELATED QUERY,??? ???? ?? ??? ????????? ???? - 06122200693,,,,
Government Schemes,GOVERMENT SCHEME QUARY,????? ??? ?? ???? ???? ????????? ?? ???? ?????? ??? |,,,,
Government Schemes,"
Agricultural INPUT scheme Subsidy Related query   

","

           ???? ????? ????? ??  ??????? ?? ???  0612 2233555 ?? ????? ????|",,,,
Government Schemes,Kisan credit card related Query,--????? ??????? ????? ?? ??? ???? ??? ?????? ????,,,,
Government Schemes,GOVERMENT SCHEME QUARY,?? ???? ?????????? ??????????? ?? ???? ???? ????????? ??  ?????? ??  ???? ??,,,,
Government Schemes,"KCC card helpline number
You can call the toll-free number, 155261 / 1800115526 or reach 0120-6025109 to raise any concerns regarding the Kisan Credit Card scheme.","KCC card helpline number
You can call the toll-free number, 155261 / 1800115526 or reach 0120-6025109 to raise any concerns regarding the Kisan Credit Card scheme.",,,,
Government Schemes,Kisan credit card related Query,????? ??????? ????? ?? ??? ???? ??? ?????? ????,,,,
Government Schemes,FARMER ASKING ABOUT PM KISAN SAMMAN NIDHI SCHEME?,???? ????? ?????? ???? ????? ?? ??? ???? ?? ??? ???? ?? ?????????? ??????? ?? ??? ???? ????? ?? ???????,,,,
Government Schemes,Farm Mechanization online details,"--www.dbtagriculture.bihar.gov.in   
Kindly Contact for any Query  
    Contact Details 
1    Name:-Ravi Shankar Prasad, Programmer  
Mobile No.:- 9835198654  
Email :-statenodalmec18@gmail.com 
2    Name:-Brijendra Nath, Programmer  
Mobile No.:- 9386140408  
Email :-statenodalmec18@gmail.com",,,,
Government Schemes,Farm Mechanization online details,"--www.dbtagriculture.bihar.gov.in   
Kindly Contact for any Query  
    Contact Details 
1    Name:-Ravi Shankar Prasad, Programmer  
Mobile No.:- 9835198654  
Email :-statenodalmec18@gmail.com 
2    Name:-Brijendra Nath, Programmer  
Mobile No.:- 9386140408  
Email :-statenodalmec18@gmail.com",,,,
Government Schemes,DBT and Pm Kisan related Problem,?????? ??? ???? ????? ?????? ???? ????? ?? ???????? ?? ??????? ?? ??? 0 612 -2233 555 ?? ?????? ???? ???? ??????? ??????? ????,,,,
Government Schemes,Pradhan Mantri KIsan Samman Nidhi Yojna,?? ????? / ??? ???????? ?? ?????? ??? | https://dbtagriculture.bihar.gov.in ?? ??????? ?? ?????? ???? ????? ??? ??? ????? ?? ?????? ?? ???? ???? ?????,,,,
"	Plant Protection	",plant protection related to query,???????? @ 2 ????? ????? ???? ???? ?? ?????? ?????? ???!,,,,
Government Schemes,Cooperative dept of Bihar helpline no.,"???????? ????? ?? ????? ???? ???? - 0612-2200693 ,1800-345-6290",,,,
Government Schemes,"Pradhan Mantri Kisan Samman Nidhi Yojana related query
","Aadhar Status: Aadhar Number is not Verified	

?? ????? ?????? ?? ??????? ???",,,,
Government Schemes,Pradhan Mantri Kisan Samman Nidhi Yojna related query,"???????????? ????? ?????? ???? ????? ?? ????? ???? ???? : - 011-23382401, 011-23381092 ?? ?????? ??? | 10 ??? ?? 5 ??? ?? (?????? ?? ???????? ??",,,,
Government Schemes,GOVERMENT SCHEME RELATED QUERY,????? ??? ?? ?????????? ??????????? ?? ?????? ????,,,,
Seeds and Planting Material,seed and planting material,"-- : Krishi Vigyan Kendra, Siwan
Bhagwanpur Hat, Siwan,
Dist. - Siwan - 841408, (Bihar) India",,,,
Government Schemes,ask about krushi input,thanks for calling in kisan call center,,,,
Government Schemes,"TELL ME HELPLINE NUMBER OF PMKISAN SAMMAN NIDHI YOJNA ?
","RAMDULAR KUSHWAHA, ???? ????? ????? ????????? ?????? ?????? ???? ?? (???? ???????) ?? ??????? ?? ???? ????????? ?? ???? ??? ?? |	 
",,,,
Government Schemes,Pradhan Mantri KIsan Samman Nidhi Yojna related query,????? ??????? ?? ???? ?? ??? ????? ?????,,,,
Government Schemes,For information about the Prime Minister Kisan Samman Nidhi Scheme (Money not getting),"PM-Kisan Helpline No.011-24300606 / 0120-6025109 ,?????? ?????? ????? ???? ????? ?? ???? ??? ??????? ?? ??? ?????? ???? - 011-23381092 /011-24300606 ?? ??  ?????? ?????? ????? ?????? ???? ????? ?? ???? ??? ?? ??  ????????? ??? ?? ??? ???? ????- 1800115526, 155261 ?? ?????? ??? ???? ?-??? ???? (pmkisan-hqrs@gov.in) ??? https://pmkisan.gov.in/beneficiarystatus.aspx",,,,
Government Schemes,Government Subsidy Related query,"--??.??.??,??? ?????? ????? ?? ?????? ??????? ?? ??? 0612-2233555 ?? ?????? ????",,,,
Government Schemes,Government Subsidy Related query,???? ??????? ?? ?????? ?????,,,,
Government Schemes,Input subsidy money has not come,??? ???? ????? ??????? ?? ???? ??? ?? ??????? ???? ??? ?? ?? ?? ???? ?????????? ??????????? ?? ???? ???? ????????? ?? ?????? ???? ????? ??????? ?? ???? ??? ??????? ??????? ?? ???? ???,,,,
Government Schemes,PM KISAN SAMMAN NIDHI YOJNA RELATED QUERY,"????? ??? ?????? ?????? ????? ?????? ???? ????? ?? ???? ??? ?? ?? ?????? ??? 
. ?????? ?????? ????? ?????? ???? ????? ????? ???? ???? - 01123381092, 011-24300606",,,,
Government Schemes,"Check Application Status for PM-KISAN(Reconsider)
","--
Application ID:	RE-PMKISAN353253	Applicant Name:	CHINTA DEVI
CHINTA DEVI, ???? ????? ???? ???? ????????? ?? ??? ????? ??|",,,,
Nutrient Management,nutrient management  in wheat,N:P:K  19:19:19 - 100 ????? ????? 15 ???? ???? ??? ??? ????? ?????? ??????|,,,,
Government Schemes,P M Kisan samman nidhi yojna,"--P M Kisan samman nidhi yojna helpline number- 011 23382401/011 23381092
",,,,
Crop Insurance,crop insurance related query,"--, ??? ???? ???? ??????? ??? -18003456290/06122200693",,,,
"	Plant Protection	",PLANT PROTECTION RELATED QUERY,"
???????? - ?? ????? ????? ???? ???? ?? ??? ??? ??? ?? ?????? ??? ?",,,,
Vegetative Propagation and Tissue Culture,Sowing time related query,????? ??? ?? ???? ?? ??? 15 ????? ?? ????? ??? ??? ???? ?? ???? ??,,,,
Government Schemes,INPUT SUBSIDY RELATED QUERY,"????? ??? ?? ?????  ?? ?????? ??? ???? 

https://dbtagriculture.bihar.gov.in/",,,,
Government Schemes,Information about Prime Minister Kisan Samman Nidhi Scheme,"???????????? ???? ?????? ???? ????? ?? ????? ???? ????:- 011-23381092,01123382401,1800115526 .",,,,
Government Schemes,Pradhan Mantri Kisan Samman Nidhi Yojna related query,"
Application ID:	RE-PMKISAN539568	Applicant Name:	RINKI KUMARI
RINKI KUMARI, ???? ????? ???? ???? ????????? ???? ?? ???? ?? ???? ??? ??? |Remark: applicant is not eligible for scheme",,,,
Weed Management,Weed problem in wheat,"Spray 2,4-D @2GRAM/LITER OF WATER",,,,
Government Schemes,"Check Application Status for PM-KISAN
","RINKI KUMARI ???? ????? ????? ????????? ?????? ?????? ???? ?? ???? ?? ???? ??? ??? |Remark: No farming	",,,,
"	Plant Protection	",nilgai related query,???? ?? ???? ???? ????? ?? 5 ???? ????? ?? 20 ???? ???? ???? ?? ??? ?? ????? ??? ?????? ???? ??,,,,
"	Plant Protection	",PLANT PROTECTION RELATED QUERY,?? ?? ?? 6 ??? ?? ????? ???? ??? ?????,,,,
"	Plant Protection	",Plant protection,"Spray Metalaxy 8% + Mancozeb 64% @ 2gm/ lit of water 
",,,,
"	Plant Protection	",Plant protection,Spray multi micro nutrients @ 2 ml in 1 liter of water,,,,
"	Plant Protection	",plant plant of potato crop,"????? ?????? ??? ???????? ??-45, ????? ?????? ??? ?????????? ??? ????? ?????? ??? ???????? ??-45, ????? ?????? ??? ?????????? ??? ????? ?????? ??? ????????????? ??????? ????????? ??? ?? 2.5 ?????/???? ???? ??? ??? ????? ?????? ?????",,,,
Nursery Management,nursery management of cauliflower crop,??????? ?? ??? ????? ?? ??? ???? ??? ?? ??? ??? ?????? ??????,,,,
Government Schemes,PRADHAN MANTRI KISAN SAMAN NIDHI YOJANA RELATED QUERY,"???? ??????? ?? ?????? ??? ? 
",,,,
Government Schemes,pm kisan samman nidhi yojna,"
Application ID:	RE-PMKISAN647198	Applicant Name:	SANJIDA PRAVEEN
SANJIDA PRAVEEN, ???? ????? ???? ???? ????????? ?? ??? ????? ??|",,,,
"	Plant Protection	",plant protection related query,??? - 5 ML ?????  ???? ???? ?? ??? ??? ??? ?? ?????? ???,,,,
Government Schemes,"Check Application Status for PM-KISAN
","--SHARADA DEVI ???? ????? ????? ????????? ?????? ?????? ???? ?? ???? ?? ???? ??? ??? |Remark: Other panchayat	",,,,
Government Schemes,For information about the Prime Minister Kisan Samman Nidhi Scheme (Money not getting),"PM-Kisan Helpline No.011-24300606 / 0120-6025109 ,?????? ?????? ????? ???? ????? ?? ???? ??? ??????? ?? ??? ?????? ???? - 011-23381092 /011-24300606 ?? ??  ?????? ?????? ????? ?????? ???? ????? ?? ???? ??? ?? ??  ????????? ??? ?? ??? ???? ????- 1800115526, 155261 ?? ?????? ??? ???? ?-??? ???? (pmkisan-hqrs@gov.in) ??? https://pmkisan.gov.in/beneficiarystatus.aspx",,,,
Training and Exposure Visits,"
 TELL ME PM KISAN REGISTRATION STATUS   INFORMATION   ?
","KAILASH YADAV, ???? ????? ADM(Revenue) ?? ??? ????? ??|
???? ????? ???? ????? ?? ???? ??????? ?? ??? ?? ???? ????? ??? ???? ????? ?? ?????? ????",,,,
Government Schemes,"TELL ME PM KISAN REGISTRATION STATUS   INFORMATION   ?
","PIR MOHAMMAD SAIFI, ???? ????? ????? ????????? ?????? ?????? ???? ?? (???? ???????) ?? ??????? ?? ???? ????????? ?? ???? ??? ?? |",,,,
Government Schemes,Pradhan Mantri Kisan Samman Nidhi Yojna related query,"--???????????? ???? ?????? ???? ????? ?? ????? ???? ????:- 011-23381092,011-23382401",,,,
"	Plant Protection	",plant protection query,???????????????  1 ML  ????? ? ???? ???? ??? ??? ??  15 ??? ??????   ??? ?????? ????,,,,
Government Schemes,Cooperative dept of Bihar helpline number,"http://cooperative.bih.nic.in ??? ???? ???????? ??????? ?? ??? ?? ????? ???????? ????????? ?? ?????? ??? ????? ???? ??? ???? ?? ?????? ?????? ?? ??? ????? ?????? ???? Fasal Bima Yojna- ????? ???? ?? ??? ???? ?? ?????? ?????? ?? ??? kisanreghelp@gmail.com ?? ???? ????? ?? M-8877225693 ?? ?????? ???? ??? ???? ??? 1800-345-6290, 0612-2200693",,,,
Government Schemes,PM KISAN SAMMAN NIDHI YOJNA RELATED QUERY,"--????? ???? ???? - 011-23381092, 011-24300606 

",,,,
Government Schemes,PM KISAN SAMMAN NIDHI YOJNA RELATED QUERY,"--????? ???? ???? - 011-23381092, 011-24300606",,,,
Government Schemes,PM KISAN SAMMAN NIDHI YOJNA RELATED QUERY,"--RAVI KUMAR RAM ???? ????? ????? ????????? ?????? ?????? ???? ?? ???? ?? ???? ??? ??? |Remark: Not farmer	",,,,
Government Schemes,"FARMER ASKING ABOUT PM KISAN SAMMAN NIDHI SCHEME?
","???? ????? ?????? ???? ????? ?? ??? ???? ?? ??? ???? ?? ?????????? ??????? ?? ??? ???? ????? ?? ???????
",,,,
Government Schemes,"FARMER ASKING ABOUT PM KISAN SAMMAN NIDHI SCHEME?
","???? ????? ?????? ???? ????? ?? ??? ???? ?? ??? ???? ?? ?????????? ??????? ?? ??? ???? ????? ?? ???????
",,,,
Government Schemes,pm kisan samman nidhi yojna,--?????? ?????? ????? ?????? ???? ????? ?? ???? 011- 23381092 OR 1800115526 OR 011-24300606 ?? ?????? ?? ?????? ??? 10 ??? ????????? ?? 5 ??? ??????? ?? ??? ?? ???? ??? I,,,,
"	Plant Protection	",plant protection query,???? ?? % ???????? ?? ?? % ????????????? ?? ?????? ?? ? ????? ?? ????? ???? ???? ??? ?????? ?????? ???? ?????,,,,
Government Schemes,GOVERMENT SCHEME  RELATED QUERY,"
STATUS: Rejected By AC. Rejected Date: 1/17/2021 4:35:25 AM Remarks: ????",,,,
Government Schemes,Query about government  schemes,https://dbtagriculture.bihar.gov.in/,,,,
Government Schemes,Pradhan Mantri Kisan Samman Nidhi Yojna related query,"BANTI KUMAR, ???? ????? ???? ??????? ???? ?? ???? ???? ADM(Revenue) ?? ??????? ?? ???? ????????? ?? ???? ??? ?? |	",,,,
Government Schemes,Pradhan Mantri Kisan Samman Nidhi Yojna related query,"?????? ??????? ?????? ?? ?? ??????? ???? ???? ???? ?????? ??? ???????? ???? ? 

???? ???? ???? ?? ??? https://bharatkosh.gov.in ?????? ?? ????? ???? ?? ??? ???????? ???? ??????? / ???? ???? ????????? / ???? ???? ?? ?????? ???? ?",,,,
Nutrient Management,nutrient manaement related,?? ???? ?????? ????? ????? ?? ????? ?? ?????? ???? ?????,,,,
Government Schemes,cooperative department related to query,"--    ????????  ?????  ?????  ????  ???? -18003456290,06122200693",,,,
Government Schemes,CROP INSURANCE SCHEME RELATED QUERY,"?????? ?? ????????? ???????? ????? ?? ????? ???? ???? (0612)-2200693.,1800-345-6290 ?? ?? ?? ??? ???? ?? ????? ?? ?????? ,??? ?????? ?? ??????? ?? ???? ??? ?? ???? ?? ?? ??????? http://cooperative.bih.nic.in/ ?? ??? ???? ??? I",,,,
Government Schemes,krishi input anudan related  query,-- ?????? ??? ???? ??????? ?? ??????? ???,,,,
Government Schemes,kisan registration related  query,"????  ??????  ????? / ????? ?????? ?? ????? ??? 
?? ????? ?????????? ??????????? ?? ?????? ???",,,,
"	Plant Protection	",First spray in mango before flowering,"?? ??? ???? ??????? ???? ?????? ?? ????, ???? ?? ???????? ???????  ?? ???? ???? ?? |  ???? ??????? ?? ??? ?? ???? ???? ?? ?? ??????? ???? ?? ??? ?? ?????? ??? ???? ???? ??? ?? ?????? ??????? ?? ???????? ?? ?????? ????? ?? ??? ???? ?????? ?????? ??? ?? ???? ?? | 

??????? ????? 3 ????? ????? ???? ???? ?? ?????? ?????? ???? | 

??????? ?????????????? 17.8 SL @ 1 ml / 3 ???? ???? ?? ?????? ?? ?????? ??????  ???? |",,,,
Government Schemes,KCC RELATED QUERY,???? ??? ?????????? ????? ????/?????? ?????? ?? ??????? ???,,,,
Government Schemes,Check Status of Input Subsidy,??? ????? ??????? ?? ????? ?? ?????? ???? ???? ?? ??? www.dbtagriculture.bihar.gov.in  ?? ??????? ?? ?????,,,,
"	Plant Protection	",mango plant protection,--????? ??? ???? ?? ??? ??? ?? ??? ???? ??? ?? ???? ??? ???? ?? ???? ?? ????????? ?????? ?? ????? ??? ?????,,,,
Government Schemes,Query ABOUT Pradhan Mantri KIsan SAmman Nidhi Yojna Help LINE number Help line number,"?????? ?????? ????? ?????? ???? ????? ????? ???? ???? 01124300606 , 01123381092 Email:pmkisan-ict@gov.in",,,,
Government Schemes,"Query ABOUT Pradhan Mantri KIsan SAmman Nidhi Yojna Help LINE number Help line number
","?????? ?????? ????? ?????? ???? ????? ????? ???? ???? 01124300606 , 01123381092 Email:pmkisan-ict@gov.in",,,,
Government Schemes,Dbt kisan registration related Query,????? ??????? ???   ?????? ?????? ?? ????  0612 2233555 ?? ????? ????|,,,,
Government Schemes,Krishi input anudan (KHARIF) related query,"--???? ????? ?????? ?? ??? ?? ???? ????? ??????? ?? ?????? ????   ???? ????? ?????? ?? ??? ???? ???? ????????? ?? ?????? ???? 0612 2233555 

",,,,
Cultural Practices,TELL ME ABOUT INFORMATION POTATO DIGGING REGARDING  ?,"??? ?? ????? ????? ???  ???? ????? ?? ?????  ????? ??????? ?????? ?? ??  30 ?????? ?????????? ?????? ??? ?? ????? ?? ????? ?? ???? ????? ,???? ??? ???? ???? ?? ???? ????? ??",,,,
Government Schemes,"TELL ME CONTACT NUMBER OF DBT PORTAL   BIHAR SATE INFORMATION ?
","--????? ????? ?? ?????? ?????? ?? ???? ??? ??????? ?? ???  ?????? ????=   0612 -  2233 555
",,,,
Government Schemes,"TELL ME ABOUT INFORMATION OF DBT BIHAR SCHEME  RELATED  ?
","????? ????? ?? ??? ?? ?? ??? ??????? ?? ??????? ?? ??? ?? ????  ????? ?? ??????? ???? ??  1800 180 1551 ?? ??? ???? ???? ???? ??? ????? ????? ??? ?????  ?? ??? ?? ????  ???? ??????? ?? ???? ??????? ??? ??? |
",,,,
"	Plant Protection	",PLANT PROTECTION RELATED QUERY,????????? 2 ????? ??? ?? ???? ???? ?? ????? ?? ?????? ???? ??? ?????? ??,,,,
Government Schemes,want to know about Input subsidy status money not getting,????? ??????? ?? ??????? ?? ??? ???? ???? ??????? ?? ?????? ???? ????????? ?? ??????? ???? ?????,,,,
Weather,Farmer asked query on Weather,"???? ?? ??????????? ???? ?? ??? ?????  ?? ????? ????? ?????? ?????? ?? -22, ??????? 7 -9 ?????? ????????  ??? ???? ??? ????? ??? ????? ?? ??????? ????  ???, ??? ?? ??? 4 -? ???????? ????? ???? ?? ?????? ?? ???? ?? ??????? ???",,,,
Government Schemes,"-PM KISAN SAMMAN NIDHI SCHEME      

HELP LINE NUMBER","-PM KISAN SAMMAN NIDHI SCHEME      

HELP LINE NUMBER     

01124300606 

--???????????? ????? ?????? ???? ????? ?? ??????? ?????? ???? ????? ????? ???? ????: - 011-23381092,011-23382401 

Email: pmkisan-hqrs@gov.in",,,,
Cattle shed Planning and Management,ANIMAL HUSBANDRY RELATED QUERY,--??????? ????? ????????? ???? :-0612-2230942,,,,
Government Schemes,KRISHI INPUT RELATED QUERY,DBT HELPLINE NUMBER - 0612 2233555,,,,
Government Schemes,Government Subsidy Related query,"??.??.??,???? ????? ?????? ?? ?????? ??????? ?? ??? 0612-2233555 ?? ?????? ????",,,,
Government Schemes,cooperative department related to query,"????????  ?????  ?????  ????  ???? -18003456290,06122200693",,,,
Weather,Farmer asked query on Weather,"???? ?? ??????????? , ???? -  Siwan           ?????? -  Goriakothi        .  ????? ??? ?? ?????? ???? ???? ??? ????? ??? ?? ???? ???? ?????? ????? ????? ?? ???????? ???? ?? ?? ?? ?? ?? ????? ?????? ?????? 24-25 ?????? ???????? ?? ??????? ?????? 9-11  ?????? ???????? ?? ??? ?? ??? ???? 7-10 ???????? ?????  ???? ?? ???? ?? ??????? ??)",,,,
Government Schemes,Pradhan Mantri Kisan Samman Nidhi Yojna related query,????? ??? ???????????? ????? ?????? ???? ????? ?? ??? ???? ??? ??? ???? ??? ????? ??? ?? ??? ??? ???? ????? ??? ?? ?? ?? ?? ????? ??? ????? ?? ??? ????? ?? ???? ??? ????? ??? ?? ???? ???? ?? ?? ????? ?? ??? ???? ?? ???? ????,,,,
Government Schemes,Fasal Bima Yojna or cooperative Department contact details,"-- 
http://cooperative.bih.nic.in 
??? ???? ???????? ??????? ?? ??? ??  ????? ???????? ????????? ?? ?????? ??? 
Fasal Bima Yojna- ????? ???? ?? ??? ???? ?? ?????? ?????? ?? ??? kisanreghelp@gmail.com ?? ???? ????? ?? M-8877225693 ?? ?????? ???? ??? ???? ??? 1800-345-6290, 0612-2200693",,,,
Weather,Farmer asked query on Weather,"???? ?? ??????????? ????,????? ?? ???????? ????? ???, ????  5 ????? ??? ???? ????? ?? ??? ??????? ???? ??,  ? ?? ???????? ?????? ?????? (15 ° C ?? ??????? ?????? 06 ° C) ?? ??? ?? ??? 09 KM / ???? ???? ?? ??????? ??
",,,,
"	Plant Protection	",PLANT PROTECTION RELATED QUERY,???????? - ?? ????? ????? ???? ???? ??? ??? ??? ?? ?????? ????,,,,
Government Schemes,Government Subsidy Related query,???? ??????? ?? ?????? ?????,,,,
Government Schemes,"Government Subsidy Related query
","??.??.??,???? ????? ??????  ?? ?????? ??????? ?? ??? 0612-2233555 ?? ?????? ????",,,,
Government Schemes,"Check Application Status for PM-KISAN
","BANTI KUMAR, ???? ????? ADM(Revenue) ???? ?? ???????? ???? ?? ??????? ?? ???? ????????? ?? ???? ??? ?? |	",,,,
Government Schemes,"

query about government schemes 

","

dbt cell help line number 06122233555 

",,,,
"	Plant Protection	",PLANT PROTECTION RELATED QUERY,1 ???? ???? ??? 5 ????? ??? ?????? ?? ??? ????? ?????? ???? ??,,,,
"	Plant Protection	",Plant protection,Spray NPK 19-19-19 @ 5 gram per litre of water,,,,
"	Plant Protection	",Plant protection,"Spray Saaf @2gm /lit of water   
Mancozeb 63% + Carbendazim 12% WP",,,,
"	Plant Protection	",plant protection of garlic crop,Spray Saaf @2gm /lit of water Mancozeb 63% + Carbendazim 12% WP,,,,
"	Plant Protection	",okra cultural practices related query,????????????? 1 ML / 3 ???? ???? ??? ?????? ?????? ???,,,,
"	Plant Protection	",PRADHAN MANTRI KISAN SAMAN NIDHI YOJANA RELATED QUERY,"PRADHAN MANTRI KISAN SAMAN NIDHI YOJANA RELATED QUERY 

?????? ?????? ????? ?????? ???? ????? HELP LINE NO -                  -01123381092,01123382401, 011-24300606 

pmkisan-ict@gov.in",,,,
"	Plant Protection	",PLANT PROTECTION RELATED QUERY,??????????? 1 ML / 4 ???? ???? ??? ?????? ?????? ???,,,,
